schema_version,source,video_id,video_url,comment_id,parent_comment_id,depth,is_reply,author_id,author_handle,display_name,text_raw,text_normalized,likes,reply_count,create_time,images,audio,sticker,image_count,audio_count,capture_method,capture_source,captured_at,collector_version,caption,hashtags,creator,video_create_time,exported_at
raw.v1.1,tiktok,7620779574355758356,https://www.tiktok.com/@drew_chelle/video/7620779574355758356,7620802787215164177,,0,no,,avaaaaaaaa_18,,“Memberi sesuai kemampuan”. Karena “memberi adalah tanggung jawab”.. suka bngt sama positive think kamu ka. Langgeng ya kaa 🤍,,1144,5,1774356428,,,,0,0,api,api,2026-08-21T08:05:16.061743+00:00,1.1.0,,,drew_chelle,1787299470,2026-08-21T12:07:50+00:00
raw.v1.1,tiktok,7620779574355758356,https://www.tiktok.com/@drew_chelle/video/7620779574355758356,7620859490170405650,,0,no,,disnney60,,bertanggung jawab dan setia🥰,,268,4,1774369627,,,,0,0,api,api,2026-08-21T08:05:16.061806+00:00,1.1.0,,,drew_chelle,1787299470,2026-08-21T12:07:50+00:00
raw.v1.1,tiktok,7620779574355758356,https://www.tiktok.com/@drew_chelle/video/7620779574355758356,7620806601540829970,,0,no,,canyoubethelastforme,,"sudah sejalan dan sepimikiran dengan kakaknya.
namun tapi dia masih welcome orang lain :) . ketika sisi dewasaku kasih tahu dia, selalu saja denial dan berujung perdebatan.
lelah kak 🥹",,94,3,1774357318,,,,0,0,api,api,2026-08-21T08:05:16.061831+00:00,1.1.0,,,drew_chelle,1787299470,2026-08-21T12:07:50+00:00
raw.v1.1,tiktok,7620779574355758356,https://www.tiktok.com/@drew_chelle/video/7620779574355758356,7620975215849489173,,0,no,,v.erde3,,Pengen banget nge repost,,14,1,1774396582,,,,0,0,api,api,2026-08-21T08:05:16.061849+00:00,1.1.0,,,drew_chelle,1787299470,2026-08-21T12:07:50+00:00
raw.v1.1,tiktok,7620779574355758356,https://www.tiktok.com/@drew_chelle/video/7620779574355758356,7620782863889302292,,0,no,,zahir06_,,"gak pernah berhenti usaha buat dia, tapi usahaku selalu seakan² diremehkan dan gk dihargai 🥹🥹",,11,2,1774351787,,,,0,0,api,api,2026-08-21T08:05:16.061867+00:00,1.1.0,,,drew_chelle,1787299470,2026-08-21T12:07:50+00:00
raw.v1.1,tiktok,7620779574355758356,https://www.tiktok.com/@drew_chelle/video/7620779574355758356,7621794655131321095,,0,no,,tarocheese24,,Niat dan usaha,,1,1,1774587365,,,,0,0,api,api,2026-08-21T08:05:16.061883+00:00,1.1.0,,,drew_chelle,1787299470,2026-08-21T12:07:50+00:00
raw.v1.1,tiktok,7620779574355758356,https://www.tiktok.com/@drew_chelle/video/7620779574355758356,7620860231723631367,,0,no,,mayling404,,nice👍 semoga di pertemukan dengan cinta 2 arah menjadikan terarah 🥰🥰,,18,1,1774369802,,,,0,0,api,api,2026-08-21T08:05:16.061923+00:00,1.1.0,,,drew_chelle,1787299470,2026-08-21T12:07:50+00:00
raw.v1.1,tiktok,7620779574355758356,https://www.tiktok.com/@drew_chelle/video/7620779574355758356,7649200982102754056,,0,no,,bilaaquuu,,@disnney60: bertanggung jawab dan setia🥰,,0,0,1780968411,,,,0,0,api,api,2026-08-21T08:05:16.061938+00:00,1.1.0,,,drew_chelle,1787299470,2026-08-21T12:07:50+00:00
raw.v1.1,tiktok,7620779574355758356,https://www.tiktok.com/@drew_chelle/video/7620779574355758356,7622983012356326152,,0,no,,xyz.zulfaaa,,"Kakkk, kamu tau ga?? Aku seneng banget disamperin pdkt an aku meskipun ketemu cuma 3 jam, padahal perjalanan dia pulang aja dari jam 4 sore sampe ke mess kerjanya jam 12 malam, kebayang ga brpa jam dia pp cuma demi nyamperin aku??🥹🥹",,0,0,1774864057,,,,0,0,api,api,2026-08-21T08:05:16.061952+00:00,1.1.0,,,drew_chelle,1787299470,2026-08-21T12:07:50+00:00
raw.v1.1,tiktok,7620779574355758356,https://www.tiktok.com/@drew_chelle/video/7620779574355758356,7623498465176470290,,0,no,,sonofbaphometh,,"Udah berusaha tapi ujung2nya tetep gagal juga, baru senin kemarin 😳🥺",,0,0,1774984070,,,,0,0,api,api,2026-08-21T08:05:16.061965+00:00,1.1.0,,,drew_chelle,1787299470,2026-08-21T12:07:50+00:00
raw.v1.1,tiktok,7620779574355758356,https://www.tiktok.com/@drew_chelle/video/7620779574355758356,7638141405906895636,,0,no,,_ayyuannisa2,,@🐣:“Memberi sesuai kemampuan”. Karena “memberi adalah tanggung jawab”.. suka bngt sama positive think kamu ka. Langgeng ya kaa 🤍,,0,0,1778393397,,,,0,0,api,api,2026-08-21T08:05:16.061978+00:00,1.1.0,,,drew_chelle,1787299470,2026-08-21T12:07:50+00:00
raw.v1.1,tiktok,7620779574355758356,https://www.tiktok.com/@drew_chelle/video/7620779574355758356,7639939063692133138,,0,no,,hatihatiinihati,,bertanggung jawab dan setia❤️,,0,0,1778811940,,,,0,0,api,api,2026-08-21T08:05:16.061992+00:00,1.1.0,,,drew_chelle,1787299470,2026-08-21T12:07:50+00:00
raw.v1.1,tiktok,7620779574355758356,https://www.tiktok.com/@drew_chelle/video/7620779574355758356,7621943631666234132,,0,no,,_fneon,,"bner bnget
saling suport saat satu sm lain saling membutuhkan, gk hrs bntuknya smua uang tpi perhatian, rasa sayang itulah yg di cari, ada saat nya btuh uang nmun bisa di bntuk dan mencari brsma",,0,0,1774622050,,,,0,0,api,api,2026-08-21T08:05:16.062007+00:00,1.1.0,,,drew_chelle,1787299470,2026-08-21T12:07:50+00:00
raw.v1.1,tiktok,7620779574355758356,https://www.tiktok.com/@drew_chelle/video/7620779574355758356,7621114857659990802,,0,no,,coconutscrespy,,Bertanggung jawab dan sling percaya tidak mengecewakan. Krna ekonomi lebih mudah untuk dibangun bersama sama secara perlahan dan pelan pelan dibandingkan tidak ada tanggung jawab atas perilakunya😊,,12,0,1774429101,,,,0,0,api,api,2026-08-21T08:05:16.062020+00:00,1.1.0,,,drew_chelle,1787299470,2026-08-21T12:07:50+00:00
raw.v1.1,tiktok,7620779574355758356,https://www.tiktok.com/@drew_chelle/video/7620779574355758356,7648919608325374738,,0,no,,zikiiww,,Sayaangg sklii🫵🏻🥹,,0,0,1780902885,,,,0,0,api,api,2026-08-21T08:05:16.062035+00:00,1.1.0,,,drew_chelle,1787299470,2026-08-21T12:07:50+00:00
raw.v1.1,tiktok,7620779574355758356,https://www.tiktok.com/@drew_chelle/video/7620779574355758356,7621619734487991048,,0,no,,dhearcived,,"@Soni Adeputra: effort itu bukan seberapa besar apa yang dia kasih, tapi dari apa yang dia usahakan untukmu",,9,0,1774546635,,,,0,0,api,api,2026-08-21T08:05:16.062049+00:00,1.1.0,,,drew_chelle,1787299470,2026-08-21T12:07:50+00:00
raw.v1.1,tiktok,7620779574355758356,https://www.tiktok.com/@drew_chelle/video/7620779574355758356,7621373726596563732,,0,no,,achmadmarwanhanani13,,"thanks kak 🥰
banyakin VT begini ya biar semua pasangan pada harmonis",,0,0,1774489366,,,,0,0,api,api,2026-08-21T08:05:16.062062+00:00,1.1.0,,,drew_chelle,1787299470,2026-08-21T12:07:50+00:00
raw.v1.1,tiktok,7620779574355758356,https://www.tiktok.com/@drew_chelle/video/7620779574355758356,7621480493623542546,,0,no,,adeputraaa07,,"effort itu bukan seberapa besar apa yang dia kasih, tapi dari apa yang dia usahakan untukmu",,1,0,1774514214,,,,0,0,api,api,2026-08-21T08:05:16.062081+00:00,1.1.0,,,drew_chelle,1787299470,2026-08-21T12:07:50+00:00
raw.v1.1,tiktok,7620779574355758356,https://www.tiktok.com/@drew_chelle/video/7620779574355758356,7621499182532182785,,0,no,,raihndprdana_,,Semoga dipermudah amainnnn,,0,0,1774518567,,,,0,0,api,api,2026-08-21T08:05:16.062101+00:00,1.1.0,,,drew_chelle,1787299470,2026-08-21T12:07:50+00:00
raw.v1.1,tiktok,7620779574355758356,https://www.tiktok.com/@drew_chelle/video/7620779574355758356,7624098528880870145,,0,no,,zzzzttw,,"@dillaaja1: ""bertanggung jawab dan setia, itu yang paling utama""🥰",,0,0,1775123777,,,,0,0,api,api,2026-08-21T08:05:16.062116+00:00,1.1.0,,,drew_chelle,1787299470,2026-08-21T12:07:50+00:00
raw.v1.1,tiktok,7620779574355758356,https://www.tiktok.com/@drew_chelle/video/7620779574355758356,7636826368130876167,,0,no,,dzakirotunnfsyh,,dan aku adalah wanita yang tidak diperjuangkan dan hanya jalan tanpa tujuan,,0,0,1778087207,,,,0,0,api,api,2026-08-21T08:05:16.062131+00:00,1.1.0,,,drew_chelle,1787299470,2026-08-21T12:07:50+00:00
raw.v1.1,tiktok,7620779574355758356,https://www.tiktok.com/@drew_chelle/video/7620779574355758356,7622934559995544328,,0,no,,yourpurrincesss,,@disnney60: bertanggung jawab dan setia🥰,,0,0,1774852775,,,,0,0,api,api,2026-08-21T08:05:16.062144+00:00,1.1.0,,,drew_chelle,1787299470,2026-08-21T12:07:50+00:00
raw.v1.1,tiktok,7620779574355758356,https://www.tiktok.com/@drew_chelle/video/7620779574355758356,7633296465821221653,,0,no,,pangillsajavii,,royal itu bukan tentang nominal tapi usahanya jika kamu dicintai kamu akan diusahakan☺️,,1,0,1777265343,,,,0,0,api,api,2026-08-21T08:05:16.062158+00:00,1.1.0,,,drew_chelle,1787299470,2026-08-21T12:07:50+00:00
raw.v1.1,tiktok,7620779574355758356,https://www.tiktok.com/@drew_chelle/video/7620779574355758356,7623693577919759105,,0,no,,sy.rfiyaay,,@🐣: “Memberi sesuai kemampuan”. Karena “memberi adalah tanggung jawab”.. suka bngt sama positive think kamu ka. Langgeng ya kaa 🤍,,0,0,1775029499,,,,0,0,api,api,2026-08-21T08:05:16.062198+00:00,1.1.0,,,drew_chelle,1787299470,2026-08-21T12:07:50+00:00
raw.v1.1,tiktok,7620779574355758356,https://www.tiktok.com/@drew_chelle/video/7620779574355758356,7640892650467492615,,0,no,,aboutnadh,,ini yg aku maksuttttttt😭,,0,0,1779033960,,,,0,0,api,api,2026-08-21T08:05:16.062215+00:00,1.1.0,,,drew_chelle,1787299470,2026-08-21T12:07:50+00:00
raw.v1.1,tiktok,7620779574355758356,https://www.tiktok.com/@drew_chelle/video/7620779574355758356,7641110418384241429,,0,no,,heidyyya,,totally agree 💗,,1,0,1779084684,,,,0,0,api,api,2026-08-21T08:05:16.062232+00:00,1.1.0,,,drew_chelle,1787299470,2026-08-21T12:07:50+00:00
raw.v1.1,tiktok,7620779574355758356,https://www.tiktok.com/@drew_chelle/video/7620779574355758356,7640768180114031368,,0,no,,nrndh___,,Ditinggl kk 7 tahun ☹️,,0,0,1779004990,,,,0,0,api,api,2026-08-21T08:05:16.062248+00:00,1.1.0,,,drew_chelle,1787299470,2026-08-21T12:07:50+00:00
raw.v1.1,tiktok,7620779574355758356,https://www.tiktok.com/@drew_chelle/video/7620779574355758356,7649942356116980501,,0,no,,rhiefayaa,,langgeng langgeng kak🥰,,0,0,1781141028,,,,0,0,api,api,2026-08-21T08:05:16.062263+00:00,1.1.0,,,drew_chelle,1787299470,2026-08-21T12:07:50+00:00
raw.v1.1,tiktok,7620779574355758356,https://www.tiktok.com/@drew_chelle/video/7620779574355758356,7621198386225939218,,0,no,,shifanrhm,,di usahakan dan bertanggung jawab itu yang ku pilih bukan lagi tentang cinta melainkan kemampuannya untuk menghindupi dan mencukupi,,2,0,1774448530,,,,0,0,api,api,2026-08-21T08:05:16.062277+00:00,1.1.0,,,drew_chelle,1787299470,2026-08-21T12:07:50+00:00
raw.v1.1,tiktok,7620779574355758356,https://www.tiktok.com/@drew_chelle/video/7620779574355758356,7621797153724039956,,0,no,,apaaja.0184,,"""bertanggung jawab dan setia, itu yang paling utama""🥰",,4,0,1774587955,,,,0,0,api,api,2026-08-21T08:05:16.062290+00:00,1.1.0,,,drew_chelle,1787299470,2026-08-21T12:07:50+00:00
raw.v1.1,tiktok,7620779574355758356,https://www.tiktok.com/@drew_chelle/video/7620779574355758356,7624736764552430343,,0,no,,atikazalfaa_,,nah ini ni penting,,1,0,1775272378,,,,0,0,api,api,2026-08-21T08:05:16.062305+00:00,1.1.0,,,drew_chelle,1787299470,2026-08-21T12:07:50+00:00
raw.v1.1,tiktok,7620779574355758356,https://www.tiktok.com/@drew_chelle/video/7620779574355758356,7623032267098718996,,0,no,,lala.shdll,,selalu diusahakan sm mas aku🥹🥹🥹,,0,0,1774875517,,,,0,0,api,api,2026-08-21T08:05:16.062328+00:00,1.1.0,,,drew_chelle,1787299470,2026-08-21T12:07:50+00:00
raw.v1.1,tiktok,7620779574355758356,https://www.tiktok.com/@drew_chelle/video/7620779574355758356,7639939137303757575,,0,no,,hatihatiinihati,,Fixx aku akan luluhhh😇,,1,0,1778811961,,,,0,0,api,api,2026-08-21T08:05:16.062344+00:00,1.1.0,,,drew_chelle,1787299470,2026-08-21T12:07:50+00:00
raw.v1.1,tiktok,7620779574355758356,https://www.tiktok.com/@drew_chelle/video/7620779574355758356,7620857831411778311,,0,no,,dantzsc,,kerenn,,1,1,1774369243,,,,0,0,api,api,2026-08-21T08:05:16.062359+00:00,1.1.0,,,drew_chelle,1787299470,2026-08-21T12:07:50+00:00
raw.v1.1,tiktok,7620779574355758356,https://www.tiktok.com/@drew_chelle/video/7620779574355758356,7623057788084257544,,0,no,,sulung99.2,,G tau jodoh dimana repost aja lah😂,,0,0,1774881460,,,,0,0,api,api,2026-08-21T08:05:16.062383+00:00,1.1.0,,,drew_chelle,1787299470,2026-08-21T12:07:50+00:00
raw.v1.1,tiktok,7620779574355758356,https://www.tiktok.com/@drew_chelle/video/7620779574355758356,7628914518467478280,,0,no,,seaa.n1,,approve sih ❤️,,0,0,1776245091,,,,0,0,api,api,2026-08-21T08:05:16.062399+00:00,1.1.0,,,drew_chelle,1787299470,2026-08-21T12:07:50+00:00
raw.v1.1,tiktok,7620779574355758356,https://www.tiktok.com/@drew_chelle/video/7620779574355758356,7621396450757821204,,0,no,,steven170845,,punya arah itu maksudnya gimana ya?,,0,0,1774494666,,,,0,0,api,api,2026-08-21T08:05:16.062416+00:00,1.1.0,,,drew_chelle,1787299470,2026-08-21T12:07:50+00:00
raw.v1.1,tiktok,7620779574355758356,https://www.tiktok.com/@drew_chelle/video/7620779574355758356,7621721066998874896,,0,no,,vitovererra,,""" memberi bagian dari tanggung jawab "" "" memberi sesuai kemampuan """,,1,0,1774570248,,,,0,0,api,api,2026-08-21T08:05:16.062435+00:00,1.1.0,,,drew_chelle,1787299470,2026-08-21T12:07:50+00:00
raw.v1.1,tiktok,7620779574355758356,https://www.tiktok.com/@drew_chelle/video/7620779574355758356,7624350937029133057,,0,no,,wong_tulus2306,,okekkk siappp🥰,,1,0,1775182552,,,,0,0,api,api,2026-08-21T08:05:16.062453+00:00,1.1.0,,,drew_chelle,1787299470,2026-08-21T12:07:50+00:00
raw.v1.1,tiktok,7620779574355758356,https://www.tiktok.com/@drew_chelle/video/7620779574355758356,7621203990139388693,,0,no,,aasuswatunkh,,bener bangettttt😍🥺 langgeng terus hubungannya ya kak,,0,0,1774449840,,,,0,0,api,api,2026-08-21T08:05:16.062482+00:00,1.1.0,,,drew_chelle,1787299470,2026-08-21T12:07:50+00:00
raw.v1.1,tiktok,7620779574355758356,https://www.tiktok.com/@drew_chelle/video/7620779574355758356,7642239677236462352,,0,no,,jaldinyo,,bismillah 🥰,,0,0,1779347596,,,,0,0,api,api,2026-08-21T08:05:16.062504+00:00,1.1.0,,,drew_chelle,1787299470,2026-08-21T12:07:50+00:00
raw.v1.1,tiktok,7620779574355758356,https://www.tiktok.com/@drew_chelle/video/7620779574355758356,7621847051416732424,,0,no,,putria.paluwala,,"yang penting ada niat, inisiatif dan tanggung jawab !!!",,4,0,1774599568,,,,0,0,api,api,2026-08-21T08:05:16.062522+00:00,1.1.0,,,drew_chelle,1787299470,2026-08-21T12:07:50+00:00
raw.v1.1,tiktok,7620779574355758356,https://www.tiktok.com/@drew_chelle/video/7620779574355758356,7621078114748613377,,0,no,,sifaaa.au,,"suka bgt sm positive thinking kamuu kaaa, lancar trs yaa😻",,2,0,1774420540,,,,0,0,api,api,2026-08-21T08:05:16.062539+00:00,1.1.0,,,drew_chelle,1787299470,2026-08-21T12:07:50+00:00
raw.v1.1,tiktok,7620779574355758356,https://www.tiktok.com/@drew_chelle/video/7620779574355758356,7621349663400772373,,0,no,,santiakaka6,,"alhamdulilah dapet pasangan yg sama""paham sama hal ini🥰",,0,0,1774483771,,,,0,0,api,api,2026-08-21T08:05:16.062573+00:00,1.1.0,,,drew_chelle,1787299470,2026-08-21T12:07:50+00:00
raw.v1.1,tiktok,7620779574355758356,https://www.tiktok.com/@drew_chelle/video/7620779574355758356,7621049756307817237,,0,no,,nunuy1412,,tag calon jodoh aku😂,,3,0,1774413934,,,,0,0,api,api,2026-08-21T08:05:16.062633+00:00,1.1.0,,,drew_chelle,1787299470,2026-08-21T12:07:50+00:00
raw.v1.1,tiktok,7620779574355758356,https://www.tiktok.com/@drew_chelle/video/7620779574355758356,7621355275651646226,,0,no,,syariahmukhtr3,,nah ini ni penting,,1,0,1774485070,,,,0,0,api,api,2026-08-21T08:05:16.062666+00:00,1.1.0,,,drew_chelle,1787299470,2026-08-21T12:07:50+00:00
raw.v1.1,tiktok,7620779574355758356,https://www.tiktok.com/@drew_chelle/video/7620779574355758356,7621578790469075733,,0,no,,adeloka_rst,,Ttep ak masalhin weh🥺,,0,0,1774537106,,,,0,0,api,api,2026-08-21T08:05:16.062689+00:00,1.1.0,,,drew_chelle,1787299470,2026-08-21T12:07:50+00:00
raw.v1.1,tiktok,7620779574355758356,https://www.tiktok.com/@drew_chelle/video/7620779574355758356,7621185611945067285,,0,no,,ecps16,,"aku repost dl aja ya ka, belum ada cowo soalnya😅😅",,0,0,1774445563,,,,0,0,api,api,2026-08-21T08:05:16.062735+00:00,1.1.0,,,drew_chelle,1787299470,2026-08-21T12:07:50+00:00
raw.v1.1,tiktok,7620779574355758356,https://www.tiktok.com/@drew_chelle/video/7620779574355758356,7624377392598172434,,0,no,,040425_af,,cukup menghargai dan tanggung jawab itu perlu,,0,0,1775188710,,,,0,0,api,api,2026-08-21T08:05:16.062763+00:00,1.1.0,,,drew_chelle,1787299470,2026-08-21T12:07:50+00:00
raw.v1.1,tiktok,7620779574355758356,https://www.tiktok.com/@drew_chelle/video/7620779574355758356,7637712605721264903,,0,no,,agstrm4,,Iya lagi,,0,0,1778293557,,,,0,0,route,route,2026-08-21T08:05:19.050210+00:00,1.1.0,,,drew_chelle,1787299470,2026-08-21T12:07:50+00:00
raw.v1.1,tiktok,7620779574355758356,https://www.tiktok.com/@drew_chelle/video/7620779574355758356,7621003419038237460,,0,no,,wahyuu_permadii,,pemikiran seperti ini keren seh🔥,,1,0,1774403157,,,,0,0,api,api,2026-08-21T08:05:21.191362+00:00,1.1.0,,,drew_chelle,1787299470,2026-08-21T12:07:50+00:00
raw.v1.1,tiktok,7620779574355758356,https://www.tiktok.com/@drew_chelle/video/7620779574355758356,7629212520431125249,,0,no,,mdnifachrr,,ini bener yups 😘,,0,0,1776314475,,,,0,0,api,api,2026-08-21T08:05:21.191412+00:00,1.1.0,,,drew_chelle,1787299470,2026-08-21T12:07:50+00:00
raw.v1.1,tiktok,7620779574355758356,https://www.tiktok.com/@drew_chelle/video/7620779574355758356,7622664776112505620,,0,no,,farazy26,,thiss❤️,,0,0,1774789959,,,,0,0,api,api,2026-08-21T08:05:21.191433+00:00,1.1.0,,,drew_chelle,1787299470,2026-08-21T12:07:50+00:00
raw.v1.1,tiktok,7620779574355758356,https://www.tiktok.com/@drew_chelle/video/7620779574355758356,7623695544464573191,,0,no,,rismey1405,,Ga nilai dari uang cuma pengin komunikasi nya ga buruk aja🥺,,1,0,1775029951,,,,0,0,api,api,2026-08-21T08:05:21.191451+00:00,1.1.0,,,drew_chelle,1787299470,2026-08-21T12:07:50+00:00
raw.v1.1,tiktok,7620779574355758356,https://www.tiktok.com/@drew_chelle/video/7620779574355758356,7621423828732707604,,0,no,,boru.gurning17,,Kaaaaa sepemikiran bgt,,0,0,1774501030,,,,0,0,api,api,2026-08-21T08:05:21.191466+00:00,1.1.0,,,drew_chelle,1787299470,2026-08-21T12:07:50+00:00
raw.v1.1,tiktok,7620779574355758356,https://www.tiktok.com/@drew_chelle/video/7620779574355758356,7621486579945554708,,0,no,,eskopisurga,,Se7!,,0,0,1774515643,,,,0,0,api,api,2026-08-21T08:05:21.191481+00:00,1.1.0,,,drew_chelle,1787299470,2026-08-21T12:07:50+00:00
raw.v1.1,tiktok,7620779574355758356,https://www.tiktok.com/@drew_chelle/video/7620779574355758356,7624008430475215623,,0,no,,sleepwell_h,,Noted,,0,0,1775102804,,,,0,0,api,api,2026-08-21T08:05:21.191501+00:00,1.1.0,,,drew_chelle,1787299470,2026-08-21T12:07:50+00:00
raw.v1.1,tiktok,7620779574355758356,https://www.tiktok.com/@drew_chelle/video/7620779574355758356,7622193871628829461,,0,no,,sadhennaaa,,Kak jadiin sound dong,,0,0,1774680325,,,,0,0,api,api,2026-08-21T08:05:21.191519+00:00,1.1.0,,,drew_chelle,1787299470,2026-08-21T12:07:50+00:00
raw.v1.1,tiktok,7620779574355758356,https://www.tiktok.com/@drew_chelle/video/7620779574355758356,7621943848709440277,,0,no,,ainunaya,,benerr🥺,,0,0,1774622103,,,,0,0,api,api,2026-08-21T08:05:21.191536+00:00,1.1.0,,,drew_chelle,1787299470,2026-08-21T12:07:50+00:00
raw.v1.1,tiktok,7620779574355758356,https://www.tiktok.com/@drew_chelle/video/7620779574355758356,7622116948763493138,,0,no,,sweettr63,,Benerr krna udh terjadi di aku,,0,0,1774662410,,,,0,0,api,api,2026-08-21T08:05:21.191550+00:00,1.1.0,,,drew_chelle,1787299470,2026-08-21T12:07:50+00:00
raw.v1.1,tiktok,7620779574355758356,https://www.tiktok.com/@drew_chelle/video/7620779574355758356,7621490079069078289,,0,no,,brownisenakkk,,that me?maybe,,0,0,1774516468,,,,0,0,api,api,2026-08-21T08:05:21.191564+00:00,1.1.0,,,drew_chelle,1787299470,2026-08-21T12:07:50+00:00
raw.v1.1,tiktok,7620779574355758356,https://www.tiktok.com/@drew_chelle/video/7620779574355758356,7621038449915626247,,0,no,,fioofatma,,pengen tak repost 🥺,,0,0,1774411306,,,,0,0,api,api,2026-08-21T08:05:21.191578+00:00,1.1.0,,,drew_chelle,1787299470,2026-08-21T12:07:50+00:00
raw.v1.1,tiktok,7620779574355758356,https://www.tiktok.com/@drew_chelle/video/7620779574355758356,7621175179133338375,,0,no,,jovitaputri042,,Mau kata-katanya dong kak,,0,0,1774443128,,,,0,0,api,api,2026-08-21T08:05:21.191592+00:00,1.1.0,,,drew_chelle,1787299470,2026-08-21T12:07:50+00:00
raw.v1.1,tiktok,7620779574355758356,https://www.tiktok.com/@drew_chelle/video/7620779574355758356,7621336422806602503,,0,no,,ekaafhutri,,pemikirannya dewasa bgt 🥹,,1,0,1774480697,,,,0,0,api,api,2026-08-21T08:05:21.191606+00:00,1.1.0,,,drew_chelle,1787299470,2026-08-21T12:07:50+00:00
raw.v1.1,tiktok,7620779574355758356,https://www.tiktok.com/@drew_chelle/video/7620779574355758356,7621366746310476551,,0,no,,lolagrande98,,Yessssssssssssssssssssss louder 💯,,0,0,1774487744,,,,0,0,api,api,2026-08-21T08:05:21.191619+00:00,1.1.0,,,drew_chelle,1787299470,2026-08-21T12:07:50+00:00
raw.v1.1,tiktok,7620779574355758356,https://www.tiktok.com/@drew_chelle/video/7620779574355758356,7621925519932637972,,0,no,,hanifehanim,,valid.,,0,0,1774617993,,,,0,0,api,api,2026-08-21T08:05:21.191634+00:00,1.1.0,,,drew_chelle,1787299470,2026-08-21T12:07:50+00:00
raw.v1.1,tiktok,7620779574355758356,https://www.tiktok.com/@drew_chelle/video/7620779574355758356,7621174723296363282,,0,no,,ironwomen4_,,setujuu,,0,0,1774443023,,,,0,0,api,api,2026-08-21T08:05:21.191648+00:00,1.1.0,,,drew_chelle,1787299470,2026-08-21T12:07:50+00:00
raw.v1.1,tiktok,7620779574355758356,https://www.tiktok.com/@drew_chelle/video/7620779574355758356,7621429034199696135,,0,no,,fleurwasinparis,,setuju bgt lagi,,0,0,1774502238,,,,0,0,api,api,2026-08-21T08:05:21.191662+00:00,1.1.0,,,drew_chelle,1787299470,2026-08-21T12:07:50+00:00
raw.v1.1,tiktok,7620779574355758356,https://www.tiktok.com/@drew_chelle/video/7620779574355758356,7621142553744409352,,0,no,,lennty_94,,setujuuuu kk...,,0,0,1774435537,,,,0,0,api,api,2026-08-21T08:05:21.191676+00:00,1.1.0,,,drew_chelle,1787299470,2026-08-21T12:07:50+00:00
raw.v1.1,tiktok,7620779574355758356,https://www.tiktok.com/@drew_chelle/video/7620779574355758356,7621013373501227783,,0,no,,ami988,,kak jadiin sound,,1,0,1774405461,,,,0,0,api,api,2026-08-21T08:05:21.191690+00:00,1.1.0,,,drew_chelle,1787299470,2026-08-21T12:07:50+00:00
raw.v1.1,tiktok,7620779574355758356,https://www.tiktok.com/@drew_chelle/video/7620779574355758356,7622882047190713096,,0,no,,malinanurma,,Bnr bgt🥺,,1,0,1774840542,,,,0,0,api,api,2026-08-21T08:05:21.191704+00:00,1.1.0,,,drew_chelle,1787299470,2026-08-21T12:07:50+00:00
raw.v1.1,tiktok,7620779574355758356,https://www.tiktok.com/@drew_chelle/video/7620779574355758356,7621448286142153488,,0,no,,r14h_7,,setujuhh,,2,0,1774506716,,,,0,0,api,api,2026-08-21T08:05:21.191719+00:00,1.1.0,,,drew_chelle,1787299470,2026-08-21T12:07:50+00:00
raw.v1.1,tiktok,7620779574355758356,https://www.tiktok.com/@drew_chelle/video/7620779574355758356,7648726483624706836,,0,no,,needpainkill.er,,huft,,0,0,1780857929,,,,0,0,api,api,2026-08-21T08:05:21.191735+00:00,1.1.0,,,drew_chelle,1787299470,2026-08-21T12:07:50+00:00
raw.v1.1,tiktok,7620779574355758356,https://www.tiktok.com/@drew_chelle/video/7620779574355758356,7631517050846249735,,0,no,,usercdhsonml4hw00,,iya lagi,,0,0,1776851036,,,,0,0,api,api,2026-08-21T08:05:21.191748+00:00,1.1.0,,,drew_chelle,1787299470,2026-08-21T12:07:50+00:00
raw.v1.1,tiktok,7620779574355758356,https://www.tiktok.com/@drew_chelle/video/7620779574355758356,7636014400914998024,,0,no,,dazz1006,,,,0,0,1777898161,,,,0,0,api,api,2026-08-21T08:05:21.191763+00:00,1.1.0,,,drew_chelle,1787299470,2026-08-21T12:07:50+00:00
raw.v1.1,tiktok,7620779574355758356,https://www.tiktok.com/@drew_chelle/video/7620779574355758356,7622830216344650497,,0,no,,diyanaaa_0,,setujuu,,0,0,1774828520,,,,0,0,api,api,2026-08-21T08:05:21.191779+00:00,1.1.0,,,drew_chelle,1787299470,2026-08-21T12:07:50+00:00
raw.v1.1,tiktok,7620779574355758356,https://www.tiktok.com/@drew_chelle/video/7620779574355758356,7621475811263169288,,0,no,,mdinosr16,,,,0,0,1774513131,,,,0,0,api,api,2026-08-21T08:05:21.191798+00:00,1.1.0,,,drew_chelle,1787299470,2026-08-21T12:07:50+00:00
raw.v1.1,tiktok,7620779574355758356,https://www.tiktok.com/@drew_chelle/video/7620779574355758356,7621095947959059221,,0,no,,rarapriliaa_,,yey aku disiniiii,,3,0,1774424684,,,,0,0,api,api,2026-08-21T08:05:21.191814+00:00,1.1.0,,,drew_chelle,1787299470,2026-08-21T12:07:50+00:00
raw.v1.1,tiktok,7620779574355758356,https://www.tiktok.com/@drew_chelle/video/7620779574355758356,7640403417349751560,,0,no,,inoopmrlw3,,,,0,0,1778920062,,,,0,0,api,api,2026-08-21T08:05:21.191828+00:00,1.1.0,,,drew_chelle,1787299470,2026-08-21T12:07:50+00:00
raw.v1.1,tiktok,7620779574355758356,https://www.tiktok.com/@drew_chelle/video/7620779574355758356,7623406676910031632,,0,no,,tasagembala,,,,0,0,1774962700,,,,0,0,api,api,2026-08-21T08:05:21.191842+00:00,1.1.0,,,drew_chelle,1787299470,2026-08-21T12:07:50+00:00
raw.v1.1,tiktok,7620779574355758356,https://www.tiktok.com/@drew_chelle/video/7620779574355758356,7621889491657949959,,0,no,,gtzzhr_,,,,0,0,1774609442,,,,0,0,api,api,2026-08-21T08:05:21.191856+00:00,1.1.0,,,drew_chelle,1787299470,2026-08-21T12:07:50+00:00
raw.v1.1,tiktok,7620779574355758356,https://www.tiktok.com/@drew_chelle/video/7620779574355758356,7621045914266682133,,0,no,,gwaenchanhyo,,,,0,0,1774413041,,,,0,0,api,api,2026-08-21T08:05:21.191875+00:00,1.1.0,,,drew_chelle,1787299470,2026-08-21T12:07:50+00:00
raw.v1.1,tiktok,7620779574355758356,https://www.tiktok.com/@drew_chelle/video/7620779574355758356,7621927673100010248,,0,no,,imroatull_09,,,,0,2,1774618338,,,,0,0,api,api,2026-08-21T08:05:21.191891+00:00,1.1.0,,,drew_chelle,1787299470,2026-08-21T12:07:50+00:00
raw.v1.1,tiktok,7620779574355758356,https://www.tiktok.com/@drew_chelle/video/7620779574355758356,7621380375214572296,,0,no,,arapiyay,,,,0,0,1774490913,,,,0,0,api,api,2026-08-21T08:05:21.191905+00:00,1.1.0,,,drew_chelle,1787299470,2026-08-21T12:07:50+00:00
raw.v1.1,tiktok,7620779574355758356,https://www.tiktok.com/@drew_chelle/video/7620779574355758356,7621356035802923797,,0,no,,th1snanayy_,,,,1,0,1774485256,,,,0,0,api,api,2026-08-21T08:05:21.191919+00:00,1.1.0,,,drew_chelle,1787299470,2026-08-21T12:07:50+00:00
raw.v1.1,tiktok,7620779574355758356,https://www.tiktok.com/@drew_chelle/video/7620779574355758356,7621865803436327697,,0,no,,anggitayls6_,,Masalahnya indung gue yg suka nekenin apapun itu tetep uang no 1😌,,0,0,1774603929,,,,0,0,api,api,2026-08-21T08:05:21.191937+00:00,1.1.0,,,drew_chelle,1787299470,2026-08-21T12:07:50+00:00
raw.v1.1,tiktok,7620779574355758356,https://www.tiktok.com/@drew_chelle/video/7620779574355758356,7621087142492177168,,0,no,,_miebe,,betol,,0,0,1774422632,,,,0,0,api,api,2026-08-21T08:05:21.191952+00:00,1.1.0,,,drew_chelle,1787299470,2026-08-21T12:07:50+00:00
raw.v1.1,tiktok,7620779574355758356,https://www.tiktok.com/@drew_chelle/video/7620779574355758356,7621072963295838996,,0,no,,aksaraka12,,i wish i had a female partner with this kind of mindset.,,2,0,1774419341,,,,0,0,api,api,2026-08-21T08:05:21.191966+00:00,1.1.0,,,drew_chelle,1787299470,2026-08-21T12:07:50+00:00
raw.v1.1,tiktok,7620779574355758356,https://www.tiktok.com/@drew_chelle/video/7620779574355758356,7643731460163797767,,0,no,,hambaallahhhh16,,cwo gue gk banget pgn nyari tp takut lebih zonkk😏,,0,0,1779694927,,,,0,0,api,api,2026-08-21T08:05:21.191979+00:00,1.1.0,,,drew_chelle,1787299470,2026-08-21T12:07:50+00:00
raw.v1.1,tiktok,7620779574355758356,https://www.tiktok.com/@drew_chelle/video/7620779574355758356,7638277774796784404,,0,no,,saengson83,,Ini cuma berlaku di hubungan dewasa ya,,0,0,1778425143,,,,0,0,api,api,2026-08-21T08:05:21.191993+00:00,1.1.0,,,drew_chelle,1787299470,2026-08-21T12:07:50+00:00
raw.v1.1,tiktok,7620779574355758356,https://www.tiktok.com/@drew_chelle/video/7620779574355758356,7628186074330678036,,0,no,,sc00rpiiooo,,bener bgt,,0,0,1776075488,,,,0,0,api,api,2026-08-21T08:05:21.192007+00:00,1.1.0,,,drew_chelle,1787299470,2026-08-21T12:07:50+00:00
raw.v1.1,tiktok,7620779574355758356,https://www.tiktok.com/@drew_chelle/video/7620779574355758356,7627301408856982280,,0,no,,whoosnio,,STUJU,,0,0,1775869508,,,,0,0,api,api,2026-08-21T08:05:21.192021+00:00,1.1.0,,,drew_chelle,1787299470,2026-08-21T12:07:50+00:00
raw.v1.1,tiktok,7620779574355758356,https://www.tiktok.com/@drew_chelle/video/7620779574355758356,7625441543905608466,,0,no,,dahliaaaaa18,,yapp betul bngtt,,0,0,1775436633,,,,0,0,api,api,2026-08-21T08:05:21.192034+00:00,1.1.0,,,drew_chelle,1787299470,2026-08-21T12:07:50+00:00
raw.v1.1,tiktok,7620779574355758356,https://www.tiktok.com/@drew_chelle/video/7620779574355758356,7625326452002636545,,0,no,,rlstxplicit27,,kasih tau kasih tau,,0,0,1775409673,,,,0,0,api,api,2026-08-21T08:05:21.192049+00:00,1.1.0,,,drew_chelle,1787299470,2026-08-21T12:07:50+00:00
raw.v1.1,tiktok,7620779574355758356,https://www.tiktok.com/@drew_chelle/video/7620779574355758356,7624344027512996615,,0,no,,hii.andd,,trueeee,,0,0,1775180942,,,,0,0,api,api,2026-08-21T08:05:21.192063+00:00,1.1.0,,,drew_chelle,1787299470,2026-08-21T12:07:50+00:00
raw.v1.1,tiktok,7620779574355758356,https://www.tiktok.com/@drew_chelle/video/7620779574355758356,7623988489900573447,,0,no,,cecillieaaaaaa,,True,,0,0,1775098166,,,,0,0,api,api,2026-08-21T08:05:21.192076+00:00,1.1.0,,,drew_chelle,1787299470,2026-08-21T12:07:50+00:00
raw.v1.1,tiktok,7620779574355758356,https://www.tiktok.com/@drew_chelle/video/7620779574355758356,7623794169102664449,,0,no,,191205ptr,,betul😅,,0,0,1775053089,,,,0,0,api,api,2026-08-21T08:05:21.192089+00:00,1.1.0,,,drew_chelle,1787299470,2026-08-21T12:07:50+00:00
raw.v1.1,tiktok,7620779574355758356,https://www.tiktok.com/@drew_chelle/video/7620779574355758356,7623646040331977489,,0,no,,inesaragih,,true,,0,0,1775018434,,,,0,0,api,api,2026-08-21T08:05:29.083054+00:00,1.1.0,,,drew_chelle,1787299470,2026-08-21T12:07:50+00:00
raw.v1.1,tiktok,7620779574355758356,https://www.tiktok.com/@drew_chelle/video/7620779574355758356,7622889419980768007,,0,no,,diahfitri097,,Benerrr bangetttt,,0,0,1774842262,,,,0,0,api,api,2026-08-21T08:05:29.083131+00:00,1.1.0,,,drew_chelle,1787299470,2026-08-21T12:07:50+00:00
raw.v1.1,tiktok,7620779574355758356,https://www.tiktok.com/@drew_chelle/video/7620779574355758356,7622661265392190229,,0,no,,adindararacom,,Tetep lihat dari uangnya kak maaf ijin 🥺🥺🥺 biar ga capek kerja 😭😭😭😭😭,,0,0,1774789143,,,,0,0,api,api,2026-08-21T08:05:29.083479+00:00,1.1.0,,,drew_chelle,1787299470,2026-08-21T12:07:50+00:00
raw.v1.1,tiktok,7620779574355758356,https://www.tiktok.com/@drew_chelle/video/7620779574355758356,7622117587314606868,,0,no,,gird.mind,,bahas uang ya 😅,,0,0,1774662570,,,,0,0,api,api,2026-08-21T08:05:29.083537+00:00,1.1.0,,,drew_chelle,1787299470,2026-08-21T12:07:50+00:00
raw.v1.1,tiktok,7620779574355758356,https://www.tiktok.com/@drew_chelle/video/7620779574355758356,7621985280153649941,,0,no,,citet10,,"harus punya niat usaha bukan males malesan , kerja keras juga jgn dizoba nyaman aja !",,0,0,1774631754,,,,0,0,api,api,2026-08-21T08:05:29.083569+00:00,1.1.0,,,drew_chelle,1787299470,2026-08-21T12:07:50+00:00
raw.v1.1,tiktok,7620779574355758356,https://www.tiktok.com/@drew_chelle/video/7620779574355758356,7621873927912735509,,0,no,,arbypratamaharahap,,Kalau udah kita usahakan semua tp malah chek in sm cowo lain gmn bang?😅,,0,0,1774605826,,,,0,0,api,api,2026-08-21T08:05:29.083600+00:00,1.1.0,,,drew_chelle,1787299470,2026-08-21T12:07:50+00:00
raw.v1.1,tiktok,7620779574355758356,https://www.tiktok.com/@drew_chelle/video/7620779574355758356,7621847610986398472,,0,no,,angelswomen,,"belum bisa cari uang tp gprnh ngerendahin penghasilan cowo seberapapun ituuu,doain aku jg gais biar cepet dapet kerja☺️🙏🏻",,0,0,1774599693,,,,0,0,api,api,2026-08-21T08:05:29.083634+00:00,1.1.0,,,drew_chelle,1787299470,2026-08-21T12:07:50+00:00
raw.v1.1,tiktok,7620779574355758356,https://www.tiktok.com/@drew_chelle/video/7620779574355758356,7621796766979588885,,0,no,,berliyaaa_,,Nais,,0,0,1774587864,,,,0,0,api,api,2026-08-21T08:05:29.083667+00:00,1.1.0,,,drew_chelle,1787299470,2026-08-21T12:07:50+00:00
raw.v1.1,tiktok,7620779574355758356,https://www.tiktok.com/@drew_chelle/video/7620779574355758356,7621789858361852689,,0,no,,anakibumurni,,Betul banget lagi…itu pemikiran aku sebelum menikah dan pada akhirnya aku menikah sama laki2 yang effortnya sama …🥰intinya upgrade diri supaya bisa narik laki2 yang energinya sama,,0,0,1774586255,,,,0,0,api,api,2026-08-21T08:05:29.083699+00:00,1.1.0,,,drew_chelle,1787299470,2026-08-21T12:07:50+00:00
raw.v1.1,tiktok,7620779574355758356,https://www.tiktok.com/@drew_chelle/video/7620779574355758356,7621599599211676434,,0,no,,afdiyahekaariyani,,yes bnr,,0,0,1774541949,,,,0,0,api,api,2026-08-21T08:05:29.083729+00:00,1.1.0,,,drew_chelle,1787299470,2026-08-21T12:07:50+00:00
raw.v1.1,tiktok,7620779574355758356,https://www.tiktok.com/@drew_chelle/video/7620779574355758356,7621545168591930120,,0,no,,elllllsssssss,,betulll,,0,0,1774529273,,,,0,0,api,api,2026-08-21T08:05:29.083763+00:00,1.1.0,,,drew_chelle,1787299470,2026-08-21T12:07:50+00:00
raw.v1.1,tiktok,7620779574355758356,https://www.tiktok.com/@drew_chelle/video/7620779574355758356,7621496705058308865,,0,no,,user14819450143355,,yess yg penting tanggung jawab nya klo ga ada itu ap lg yg bisa kita harapin,,0,0,1774517995,,,,0,0,api,api,2026-08-21T08:05:29.083793+00:00,1.1.0,,,drew_chelle,1787299470,2026-08-21T12:07:50+00:00
raw.v1.1,tiktok,7620779574355758356,https://www.tiktok.com/@drew_chelle/video/7620779574355758356,7621182217506620177,,0,no,,sanntasyy,,benerrrrrr,,0,0,1774444767,,,,0,0,api,api,2026-08-21T08:05:29.083826+00:00,1.1.0,,,drew_chelle,1787299470,2026-08-21T12:07:50+00:00
raw.v1.1,tiktok,7620779574355758356,https://www.tiktok.com/@drew_chelle/video/7620779574355758356,7623220540715844368,,0,no,,sifiafl,,@andrenesstaa,,1,0,1774919369,,,,0,0,api,api,2026-08-21T08:05:29.083859+00:00,1.1.0,,,drew_chelle,1787299470,2026-08-21T12:07:50+00:00
raw.v1.1,tiktok,7620779574355758356,https://www.tiktok.com/@drew_chelle/video/7620779574355758356,7621083126160507665,,0,no,,by.fransis,,setuju @ig: fransiskams ೀ,,0,0,1774421699,,,,0,0,api,api,2026-08-21T08:05:29.083889+00:00,1.1.0,,,drew_chelle,1787299470,2026-08-21T12:07:50+00:00
raw.v1.1,tiktok,7620779574355758356,https://www.tiktok.com/@drew_chelle/video/7620779574355758356,7621083427970286343,,0,no,,kenallllkahhhhkitaaaa,,@Vebryanto Aryansa me nonton sayang,,0,0,1774421770,,,,0,0,api,api,2026-08-21T08:05:29.083920+00:00,1.1.0,,,drew_chelle,1787299470,2026-08-21T12:07:50+00:00
raw.v1.1,tiktok,7620779574355758356,https://www.tiktok.com/@drew_chelle/video/7620779574355758356,7625830319585379079,,0,no,,eccedentesiast8._,,@siapasuruh09,,0,1,1775526996,,,,0,0,api,api,2026-08-21T08:05:29.083951+00:00,1.1.0,,,drew_chelle,1787299470,2026-08-21T12:07:50+00:00
raw.v1.1,tiktok,7620779574355758356,https://www.tiktok.com/@drew_chelle/video/7620779574355758356,7623971354475889428,,0,no,,sherlynrmlaa_,,@Bagaspb,,0,1,1775094177,,,,0,0,api,api,2026-08-21T08:05:29.083983+00:00,1.1.0,,,drew_chelle,1787299470,2026-08-21T12:07:50+00:00
raw.v1.1,tiktok,7620779574355758356,https://www.tiktok.com/@drew_chelle/video/7620779574355758356,7621434100369015570,,0,no,,sweetmacchiato04.11,,@bang tam,,1,1,1774503419,,,,0,0,api,api,2026-08-21T08:05:29.084014+00:00,1.1.0,,,drew_chelle,1787299470,2026-08-21T12:07:50+00:00
raw.v1.1,tiktok,7620779574355758356,https://www.tiktok.com/@drew_chelle/video/7620779574355758356,7641965529061901076,,0,no,,sri_dwi_partini,,@whybinn,,0,1,1779283763,,,,0,0,api,api,2026-08-21T08:05:29.084045+00:00,1.1.0,,,drew_chelle,1787299470,2026-08-21T12:07:50+00:00
raw.v1.1,tiktok,7620779574355758356,https://www.tiktok.com/@drew_chelle/video/7620779574355758356,7623231977554412308,,0,no,,edelweeiisss,,@gudeeeeeeeeee,,1,1,1774922029,,,,0,0,api,api,2026-08-21T08:05:29.084078+00:00,1.1.0,,,drew_chelle,1787299470,2026-08-21T12:07:50+00:00
raw.v1.1,tiktok,7620779574355758356,https://www.tiktok.com/@drew_chelle/video/7620779574355758356,7622102248374584071,,0,no,,_loofteas1,,@NizamAnakSholeh🥰💗,,0,1,1774658997,,,,0,0,api,api,2026-08-21T08:05:29.084109+00:00,1.1.0,,,drew_chelle,1787299470,2026-08-21T12:07:50+00:00
raw.v1.1,tiktok,7620779574355758356,https://www.tiktok.com/@drew_chelle/video/7620779574355758356,7621717833219703559,,0,no,,mba_intan1,,"@Rohdi kami juga lagi proses barg , 🥺🤲",,0,1,1774569491,,,,0,0,api,api,2026-08-21T08:05:29.084140+00:00,1.1.0,,,drew_chelle,1787299470,2026-08-21T12:07:50+00:00
raw.v1.1,tiktok,7620779574355758356,https://www.tiktok.com/@drew_chelle/video/7620779574355758356,7621440685778584328,,0,no,,syududud16,,@💨💫,,1,1,1774504952,,,,0,0,api,api,2026-08-21T08:05:29.084198+00:00,1.1.0,,,drew_chelle,1787299470,2026-08-21T12:07:50+00:00
raw.v1.1,tiktok,7620779574355758356,https://www.tiktok.com/@drew_chelle/video/7620779574355758356,7621090717642441492,,0,no,,2102199._amah_fams_01,,@kepalli kodo💕🥰,,1,1,1774423466,,,,0,0,api,api,2026-08-21T08:05:29.084727+00:00,1.1.0,,,drew_chelle,1787299470,2026-08-21T12:07:50+00:00
raw.v1.1,tiktok,7620779574355758356,https://www.tiktok.com/@drew_chelle/video/7620779574355758356,7622887409591534357,,0,no,,cutee_tennn24,,@PETANI MUDA🌴,,1,1,1774841794,,,,0,0,api,api,2026-08-21T08:05:29.084781+00:00,1.1.0,,,drew_chelle,1787299470,2026-08-21T12:07:50+00:00
raw.v1.1,tiktok,7620779574355758356,https://www.tiktok.com/@drew_chelle/video/7620779574355758356,7622567725295141639,,0,no,,ridwanptraa03,,@yulinda sandra,,0,1,1774767365,,,,0,0,api,api,2026-08-21T08:05:29.084814+00:00,1.1.0,,,drew_chelle,1787299470,2026-08-21T12:07:50+00:00
raw.v1.1,tiktok,7620779574355758356,https://www.tiktok.com/@drew_chelle/video/7620779574355758356,7621373981073605396,,0,no,,ig.ninong_1209,,@@RIPAL,,0,1,1774489430,,,,0,0,api,api,2026-08-21T08:05:29.084846+00:00,1.1.0,,,drew_chelle,1787299470,2026-08-21T12:07:50+00:00
raw.v1.1,tiktok,7620779574355758356,https://www.tiktok.com/@drew_chelle/video/7620779574355758356,7621350133968716564,,0,no,,pinkie.babyy,,@gede arie 🥰💗,,0,0,1774483886,,,,0,0,api,api,2026-08-21T08:05:29.084874+00:00,1.1.0,,,drew_chelle,1787299470,2026-08-21T12:07:50+00:00
raw.v1.1,tiktok,7620779574355758356,https://www.tiktok.com/@drew_chelle/video/7620779574355758356,7621086765299188487,,0,no,,nurrhmhh,,@doohehehe 🥰🥰🥰,,0,0,1774422571,,,,0,0,api,api,2026-08-21T08:05:29.084904+00:00,1.1.0,,,drew_chelle,1787299470,2026-08-21T12:07:50+00:00
raw.v1.1,tiktok,7620779574355758356,https://www.tiktok.com/@drew_chelle/video/7620779574355758356,7621070672924328724,,0,no,,fika.adilang,,🥰🥰🥰,,0,0,1774418804,,,,0,0,api,api,2026-08-21T08:05:29.084931+00:00,1.1.0,,,drew_chelle,1787299470,2026-08-21T12:07:50+00:00
raw.v1.1,tiktok,7620779574355758356,https://www.tiktok.com/@drew_chelle/video/7620779574355758356,7621069159257899797,,0,no,,indriiiwwwww,,@Andreeeeee,,0,0,1774418447,,,,0,0,api,api,2026-08-21T08:05:29.084959+00:00,1.1.0,,,drew_chelle,1787299470,2026-08-21T12:07:50+00:00
raw.v1.1,tiktok,7620779574355758356,https://www.tiktok.com/@drew_chelle/video/7620779574355758356,7623049116075066120,,0,no,,scorvio2000,,@G H O Y sayang🥰,,1,1,1774879439,,,,0,0,api,api,2026-08-21T08:05:29.084990+00:00,1.1.0,,,drew_chelle,1787299470,2026-08-21T12:07:50+00:00
raw.v1.1,tiktok,7620779574355758356,https://www.tiktok.com/@drew_chelle/video/7620779574355758356,7621726322393957121,,0,no,,raynaa26_,,@Siapa kek timakaciii yaa🤗,,1,1,1774571478,,,,0,0,api,api,2026-08-21T08:05:29.085020+00:00,1.1.0,,,drew_chelle,1787299470,2026-08-21T12:07:50+00:00
raw.v1.1,tiktok,7620779574355758356,https://www.tiktok.com/@drew_chelle/video/7620779574355758356,7621345167954658068,,0,no,,blankspaceee___,,@Kedai Bisnis,,0,0,1774482738,,,,0,0,api,api,2026-08-21T08:05:29.085050+00:00,1.1.0,,,drew_chelle,1787299470,2026-08-21T12:07:50+00:00
raw.v1.1,tiktok,7620779574355758356,https://www.tiktok.com/@drew_chelle/video/7620779574355758356,7622298292098859784,,0,no,,lia230705,,@Aldi Selian,,2,2,1774704629,,,,0,0,api,api,2026-08-21T08:05:29.085079+00:00,1.1.0,,,drew_chelle,1787299470,2026-08-21T12:07:50+00:00
raw.v1.1,tiktok,7620779574355758356,https://www.tiktok.com/@drew_chelle/video/7620779574355758356,7621781772838093575,,0,no,,gasukacowobingung,,@aldii,,1,2,1774584368,,,,0,0,api,api,2026-08-21T08:05:29.085108+00:00,1.1.0,,,drew_chelle,1787299470,2026-08-21T12:07:50+00:00
raw.v1.1,tiktok,7620779574355758356,https://www.tiktok.com/@drew_chelle/video/7620779574355758356,7621232298733748999,,0,no,,mhmdazrillllllllll,,@secoundarti,,0,2,1774456427,,,,0,0,api,api,2026-08-21T08:05:29.085138+00:00,1.1.0,,,drew_chelle,1787299470,2026-08-21T12:07:50+00:00
raw.v1.1,tiktok,7620779574355758356,https://www.tiktok.com/@drew_chelle/video/7620779574355758356,7627658501326734087,,0,no,,esterlina368,,@Ikat Tepi😎,,2,2,1775952668,,,,0,0,api,api,2026-08-21T08:05:29.085186+00:00,1.1.0,,,drew_chelle,1787299470,2026-08-21T12:07:50+00:00
raw.v1.1,tiktok,7620779574355758356,https://www.tiktok.com/@drew_chelle/video/7620779574355758356,7621007743117312788,,0,no,,miiiccyuuu,,@Ferry ❤️,,1,1,1774404150,,,,0,0,api,api,2026-08-21T08:05:29.085217+00:00,1.1.0,,,drew_chelle,1787299470,2026-08-21T12:07:50+00:00
raw.v1.1,tiktok,7620779574355758356,https://www.tiktok.com/@drew_chelle/video/7620779574355758356,7621208311303832340,,0,no,,marianadewi1001,,@MadeRoy Wiarta ❤️,,0,1,1774450845,,,,0,0,api,api,2026-08-21T08:05:29.085248+00:00,1.1.0,,,drew_chelle,1787299470,2026-08-21T12:07:50+00:00
raw.v1.1,tiktok,7620779574355758356,https://www.tiktok.com/@drew_chelle/video/7620779574355758356,7621816927510102792,,0,no,,umaaa173,,@Nugroho_,,1,1,1774592553,,,,0,0,api,api,2026-08-21T08:05:29.085279+00:00,1.1.0,,,drew_chelle,1787299470,2026-08-21T12:07:50+00:00
raw.v1.1,tiktok,7620779574355758356,https://www.tiktok.com/@drew_chelle/video/7620779574355758356,7622022939898987271,,0,no,,sitinilammutiara,,@Zaaaa,,1,1,1774640521,,,,0,0,api,api,2026-08-21T08:05:29.085309+00:00,1.1.0,,,drew_chelle,1787299470,2026-08-21T12:07:50+00:00
raw.v1.1,tiktok,7620779574355758356,https://www.tiktok.com/@drew_chelle/video/7620779574355758356,7621086560939557648,,0,no,,gemini140406,,@DIY LAST,,1,1,1774422497,,,,0,0,api,api,2026-08-21T08:05:29.085341+00:00,1.1.0,,,drew_chelle,1787299470,2026-08-21T12:07:50+00:00
raw.v1.1,tiktok,7620779574355758356,https://www.tiktok.com/@drew_chelle/video/7620779574355758356,7621237423905440533,,0,no,,haloomakan__,,@Pzt,,0,1,1774457627,,,,0,0,api,api,2026-08-21T08:05:29.085371+00:00,1.1.0,,,drew_chelle,1787299470,2026-08-21T12:07:50+00:00
raw.v1.1,tiktok,7620779574355758356,https://www.tiktok.com/@drew_chelle/video/7620779574355758356,7621057049355223816,,0,no,,fiaaii05,,@Ŧerdi,,1,1,1774415629,,,,0,0,api,api,2026-08-21T08:05:29.085399+00:00,1.1.0,,,drew_chelle,1787299470,2026-08-21T12:07:50+00:00
raw.v1.1,tiktok,7620779574355758356,https://www.tiktok.com/@drew_chelle/video/7620779574355758356,7621225622581183250,,0,no,,nandaamell_17,,@ade_ws,,0,1,1774454876,,,,0,0,api,api,2026-08-21T08:05:29.085429+00:00,1.1.0,,,drew_chelle,1787299470,2026-08-21T12:07:50+00:00
raw.v1.1,tiktok,7620779574355758356,https://www.tiktok.com/@drew_chelle/video/7620779574355758356,7641035991290020615,,0,no,,septiayana_,,ini yg akuu maksutt sayang @waroeng_kiyay 🥰,,0,1,1779067348,,,,0,0,api,api,2026-08-21T08:05:29.085458+00:00,1.1.0,,,drew_chelle,1787299470,2026-08-21T12:07:50+00:00
raw.v1.1,tiktok,7620779574355758356,https://www.tiktok.com/@drew_chelle/video/7620779574355758356,7621143761925800721,,0,no,,lumpia_ubilumer02,,@CLAPTON,,0,1,1774435822,,,,0,0,api,api,2026-08-21T08:05:29.085488+00:00,1.1.0,,,drew_chelle,1787299470,2026-08-21T12:07:50+00:00
